implementation,matrix_size,threads,cpu_time_ms,baseline,speedup_vs_baseline,parallel_speedup
BM_MultiplyReordered,512,1,22.4185,BM_MultiplyReordered,1,
BM_MultiplyReordered,1024,1,290.179,BM_MultiplyReordered,1,
BM_MultiplyReordered,2048,1,3140.62,BM_MultiplyReordered,1,
BM_MultiplyTiledReordered,512,1,28.2492,BM_MultiplyReordered,0.79,1
BM_MultiplyTiledReordered,1024,1,243.566,BM_MultiplyReordered,1.19,1
BM_MultiplyTiledReordered,2048,1,2218.75,BM_MultiplyReordered,1.42,1
BM_MultiplyTiledReordered,512,2,22.6895,BM_MultiplyReordered,0.99,1.25
BM_MultiplyTiledReordered,1024,2,191.576,BM_MultiplyReordered,1.51,1.27
BM_MultiplyTiledReordered,2048,2,1734.38,BM_MultiplyReordered,1.81,1.28
BM_MultiplyTiledReordered,512,4,10.9752,BM_MultiplyReordered,2.04,2.57
BM_MultiplyTiledReordered,1024,4,102.515,BM_MultiplyReordered,2.83,2.38
BM_MultiplyTiledReordered,2048,4,925,BM_MultiplyReordered,3.4,2.4
BM_MultiplyTiledReordered,512,6,8.86926,BM_MultiplyReordered,2.53,3.19
BM_MultiplyTiledReordered,1024,6,86.5162,BM_MultiplyReordered,3.35,2.82
BM_MultiplyTiledReordered,2048,6,721.875,BM_MultiplyReordered,4.35,3.07
BM_MultiplyTiledReordered,512,12,7.38065,BM_MultiplyReordered,3.04,3.83
BM_MultiplyTiledReordered,1024,12,62.5,BM_MultiplyReordered,4.64,3.9
BM_MultiplyTiledReordered,2048,12,527.344,BM_MultiplyReordered,5.96,4.21
